customer_id,visit_count,avg_rating,last_visit_date
1,10,4.5,2023-01-30
2,5,3.8,2023-02-25
3,2,2.5,2023-03-10
4,8,4.0,2023-04-20
6,3,,2023-06-15
7,12,4.2,2023-07-15
9,6,3.9,2023-09-10
11,4,3.0,2023-09-15